8,1,9,44,343,91,393,35,588,1.jpg,400,800
0,1,2,83,82,91,393,333,217,1.jpg,400,800
2,1,3,333,217,91,393,307,536,1.jpg,400,800
1,3,9,91,393,307,536,35,588,1.jpg,400,800
7,3,11,346,506,307,536,398,580,1.jpg,400,800
3,11,9,307,536,398,580,35,588,1.jpg,400,800
2,3,7,333,217,307,536,346,506,1.jpg,400,800
6,2,7,375,186,333,217,346,506,1.jpg,400,800
0,6,2,83,82,375,186,333,217,1.jpg,400,800
0,6,4,83,82,375,186,125,57,1.jpg,400,800

8,1,5,390,291,325,235,297,276,2.jpg,400,400
10,5,8,73,363,297,276,390,291,2.jpg,400,400
10,5,7,73,363,297,276,62,141,2.jpg,400,400
10,7,11,73,363,62,141,10,62,2.jpg,400,400
6,4,5,11,18,296,183,295,275,2.jpg,400,400
6,7,5,11,18,62,141,295,275,2.jpg,400,400
1,4,5,325,234,296,183,295,275,2.jpg,400,400
1,4,0,325,234,296,183,332,130,2.jpg,400,400